{
	"result": [{
		"TYPE": "chapter",
		"NAME": "Addon examples",
		"LINK": "addons.html#addons_addon_examples"
	}, {
		"TYPE": "chapter",
		"NAME": "Buffers and Character Encodings",
		"LINK": "buffer.html#buffer_buffers_and_character_encodings"
	}, {
		"TYPE": "chapter",
		"NAME": "Buffers and TypedArray",
		"LINK": "buffer.html#buffer_buffers_and_typedarray"
	}, {
		"TYPE": "chapter",
		"NAME": "Buffers and ES6 iteration",
		"LINK": "buffer.html#buffer_buffers_and_es6_iteration"
	}, {
		"TYPE": "chapter",
		"NAME": "Asynchronous Process Creation",
		"LINK": "child_process.html#child_process_asynchronous_process_creation"
	}, {
		"TYPE": "chapter",
		"NAME": "Synchronous Process Creation",
		"LINK": "child_process.html#child_process_synchronous_process_creation"
	}, {
		"TYPE": "chapter",
		"NAME": "How It Works",
		"LINK": "cluster.html#cluster_how_it_works"
	}, {
		"TYPE": "chapter",
		"NAME": "Asynchronous vs Synchronous Consoles",
		"LINK": "console.html#console_asynchronous_vs_synchronous_consoles"
	}, {
		"TYPE": "chapter",
		"NAME": "crypto module methods and properties",
		"LINK": "crypto.html#crypto_crypto_module_methods_and_properties"
	}, {
		"TYPE": "chapter",
		"NAME": "Notes",
		"LINK": "crypto.html#crypto_notes"
	}, {
		"TYPE": "chapter",
		"NAME": "dgram module functions",
		"LINK": "dgram.html#dgram_dgram_module_functions"
	}, {
		"TYPE": "chapter",
		"NAME": "Error codes",
		"LINK": "dns.html#dns_error_codes"
	}, {
		"TYPE": "chapter",
		"NAME": "Implementation considerations",
		"LINK": "dns.html#dns_implementation_considerations"
	}, {
		"TYPE": "chapter",
		"NAME": "Warning: Dont Ignore Errors!",
		"LINK": "domain.html#domain_warning_don_t_ignore_errors"
	}, {
		"TYPE": "chapter",
		"NAME": "Additions to Error objects",
		"LINK": "domain.html#domain_additions_to_error_objects"
	}, {
		"TYPE": "chapter",
		"NAME": "Implicit Binding",
		"LINK": "domain.html#domain_implicit_binding"
	}, {
		"TYPE": "chapter",
		"NAME": "Explicit Binding",
		"LINK": "domain.html#domain_explicit_binding"
	}, {
		"TYPE": "chapter",
		"NAME": "Error Propagation and Interception",
		"LINK": "errors.html#errors_error_propagation_and_interception"
	}, {
		"TYPE": "chapter",
		"NAME": "Exceptions vs. Errors",
		"LINK": "errors.html#errors_exceptions_vs_errors"
	}, {
		"TYPE": "chapter",
		"NAME": "System Errors",
		"LINK": "errors.html#errors_system_errors"
	}, {
		"TYPE": "chapter",
		"NAME": "Passing arguments and this to listeners",
		"LINK": "events.html#events_passing_arguments_and_this_to_listeners"
	}, {
		"TYPE": "chapter",
		"NAME": "Asynchronous vs. Synchronous",
		"LINK": "events.html#events_asynchronous_vs_synchronous"
	}, {
		"TYPE": "chapter",
		"NAME": "Handling events only once",
		"LINK": "events.html#events_handling_events_only_once"
	}, {
		"TYPE": "chapter",
		"NAME": "Error events",
		"LINK": "events.html#events_error_events"
	}, {
		"TYPE": "chapter",
		"NAME": "__dirname",
		"LINK": "globals.html#globals_dirname"
	}, {
		"TYPE": "chapter",
		"NAME": "__filename",
		"LINK": "globals.html#globals_filename"
	}, {
		"TYPE": "chapter",
		"NAME": "console",
		"LINK": "globals.html#globals_console"
	}, {
		"TYPE": "chapter",
		"NAME": "exports",
		"LINK": "globals.html#globals_exports"
	}, {
		"TYPE": "chapter",
		"NAME": "global",
		"LINK": "globals.html#globals_global"
	}, {
		"TYPE": "chapter",
		"NAME": "module",
		"LINK": "globals.html#globals_module"
	}, {
		"TYPE": "chapter",
		"NAME": "process",
		"LINK": "globals.html#globals_process"
	}, {
		"TYPE": "chapter",
		"NAME": "require()",
		"LINK": "globals.html#globals_require"
	}, {
		"TYPE": "chapter",
		"NAME": "Accessing the main module",
		"LINK": "modules.html#modules_accessing_the_main_module"
	}, {
		"TYPE": "chapter",
		"NAME": "Addenda: Package Manager Tips",
		"LINK": "modules.html#modules_addenda_package_manager_tips"
	}, {
		"TYPE": "chapter",
		"NAME": "All Together...",
		"LINK": "modules.html#modules_all_together"
	}, {
		"TYPE": "chapter",
		"NAME": "Caching",
		"LINK": "modules.html#modules_caching"
	}, {
		"TYPE": "chapter",
		"NAME": "Core Modules",
		"LINK": "modules.html#modules_core_modules"
	}, {
		"TYPE": "chapter",
		"NAME": "Cycles",
		"LINK": "modules.html#modules_cycles"
	}, {
		"TYPE": "chapter",
		"NAME": "File Modules",
		"LINK": "modules.html#modules_file_modules"
	}, {
		"TYPE": "chapter",
		"NAME": "Folders as Modules",
		"LINK": "modules.html#modules_folders_as_modules"
	}, {
		"TYPE": "chapter",
		"NAME": "Loading from node_modules Folders",
		"LINK": "modules.html#modules_loading_from_node_modules_folders"
	}, {
		"TYPE": "chapter",
		"NAME": "Loading from the global folders",
		"LINK": "modules.html#modules_loading_from_the_global_folders"
	}, {
		"TYPE": "chapter",
		"NAME": "The module Object",
		"LINK": "modules.html#modules_the_module_object"
	}, {
		"TYPE": "chapter",
		"NAME": "Exit Codes",
		"LINK": "process.html#process_exit_codes"
	}, {
		"TYPE": "chapter",
		"NAME": "Example: Tiny CLI",
		"LINK": "readline.html#readline_example_tiny_cli"
	}, {
		"TYPE": "chapter",
		"NAME": "Example: Read File Stream Line-by-Line",
		"LINK": "readline.html#readline_example_read_file_stream_line_by_line"
	}, {
		"TYPE": "chapter",
		"NAME": "Environment Variable Options",
		"LINK": "repl.html#repl_environment_variable_options"
	}, {
		"TYPE": "chapter",
		"NAME": "Persistent History",
		"LINK": "repl.html#repl_persistent_history"
	}, {
		"TYPE": "chapter",
		"NAME": "REPL Features",
		"LINK": "repl.html#repl_repl_features"
	}, {
		"TYPE": "chapter",
		"NAME": "API for Stream Consumers",
		"LINK": "stream.html#stream_api_for_stream_consumers"
	}, {
		"TYPE": "chapter",
		"NAME": "API for Stream Implementors",
		"LINK": "stream.html#stream_api_for_stream_implementors"
	}, {
		"TYPE": "chapter",
		"NAME": "Simplified Constructor API",
		"LINK": "stream.html#stream_simplified_constructor_api"
	}, {
		"TYPE": "chapter",
		"NAME": "Streams: Under the Hood",
		"LINK": "stream.html#stream_streams_under_the_hood"
	}, {
		"TYPE": "chapter",
		"NAME": "ref()",
		"LINK": "timers.html#timers_ref"
	}, {
		"TYPE": "chapter",
		"NAME": "unref()",
		"LINK": "timers.html#timers_unref"
	}, {
		"TYPE": "chapter",
		"NAME": "ALPN, NPN and SNI",
		"LINK": "tls.html#tls_alpn_npn_and_sni"
	}, {
		"TYPE": "chapter",
		"NAME": "Client-initiated renegotiation attack mitigation",
		"LINK": "tls.html#tls_client_initiated_renegotiation_attack_mitigation"
	}, {
		"TYPE": "chapter",
		"NAME": "Modifying the Default TLS Cipher suite",
		"LINK": "tls.html#tls_modifying_the_default_tls_cipher_suite"
	}, {
		"TYPE": "chapter",
		"NAME": "Perfect Forward Secrecy",
		"LINK": "tls.html#tls_perfect_forward_secrecy"
	}, {
		"TYPE": "chapter",
		"NAME": "URL Parsing",
		"LINK": "url.html#url_url_parsing"
	}, {
		"TYPE": "chapter",
		"NAME": "getHeapStatistics()",
		"LINK": "v8.html#v8_getheapstatistics"
	}, {
		"TYPE": "chapter",
		"NAME": "getHeapSpaceStatistics()",
		"LINK": "v8.html#v8_getheapspacestatistics"
	}, {
		"TYPE": "chapter",
		"NAME": "Examples",
		"LINK": "zlib.html#zlib_examples"
	}, {
		"TYPE": "chapter",
		"NAME": "Memory Usage Tuning",
		"LINK": "zlib.html#zlib_memory_usage_tuning"
	}, {
		"TYPE": "chapter",
		"NAME": "Constants",
		"LINK": "zlib.html#zlib_constants"
	}, {
		"TYPE": "chapter",
		"NAME": "Convenience Methods",
		"LINK": "zlib.html#zlib_convenience_methods"
	}, {
		"TYPE": "class",
		"NAME": "SlowBuffer",
		"LINK": "buffer.html#buffer_class_slowbuffer"
	}, {
		"TYPE": "class",
		"NAME": "ChildProcess",
		"LINK": "child_process.html#child_process_class_childprocess"
	}, {
		"TYPE": "class",
		"NAME": "Worker",
		"LINK": "cluster.html#cluster_class_worker"
	}, {
		"TYPE": "class",
		"NAME": "Console",
		"LINK": "console.html#console_class_console"
	}, {
		"TYPE": "class",
		"NAME": "Certificate",
		"LINK": "crypto.html#crypto_class_certificate"
	}, {
		"TYPE": "class",
		"NAME": "Cipher",
		"LINK": "crypto.html#crypto_class_cipher"
	}, {
		"TYPE": "class",
		"NAME": "Decipher",
		"LINK": "crypto.html#crypto_class_decipher"
	}, {
		"TYPE": "class",
		"NAME": "DiffieHellman",
		"LINK": "crypto.html#crypto_class_diffiehellman"
	}, {
		"TYPE": "class",
		"NAME": "ECDH",
		"LINK": "crypto.html#crypto_class_ecdh"
	}, {
		"TYPE": "class",
		"NAME": "Hash",
		"LINK": "crypto.html#crypto_class_hash"
	}, {
		"TYPE": "class",
		"NAME": "Hmac",
		"LINK": "crypto.html#crypto_class_hmac"
	}, {
		"TYPE": "class",
		"NAME": "Sign",
		"LINK": "crypto.html#crypto_class_sign"
	}, {
		"TYPE": "class",
		"NAME": "Verify",
		"LINK": "crypto.html#crypto_class_verify"
	}, {
		"TYPE": "class",
		"NAME": "dgram.Socket",
		"LINK": "dgram.html#dgram_class_dgram_socket"
	}, {
		"TYPE": "class",
		"NAME": "Domain",
		"LINK": "domain.html#domain_class_domain"
	}, {
		"TYPE": "class",
		"NAME": "Error",
		"LINK": "errors.html#errors_class_error"
	}, {
		"TYPE": "class",
		"NAME": "RangeError",
		"LINK": "errors.html#errors_class_rangeerror"
	}, {
		"TYPE": "class",
		"NAME": "ReferenceError",
		"LINK": "errors.html#errors_class_referenceerror"
	}, {
		"TYPE": "class",
		"NAME": "SyntaxError",
		"LINK": "errors.html#errors_class_syntaxerror"
	}, {
		"TYPE": "class",
		"NAME": "TypeError",
		"LINK": "errors.html#errors_class_typeerror"
	}, {
		"TYPE": "class",
		"NAME": "EventEmitter",
		"LINK": "events.html#events_class_eventemitter"
	}, {
		"TYPE": "class",
		"NAME": "fs.FSWatcher",
		"LINK": "fs.html#fs_class_fs_fswatcher"
	}, {
		"TYPE": "class",
		"NAME": "fs.ReadStream",
		"LINK": "fs.html#fs_class_fs_readstream"
	}, {
		"TYPE": "class",
		"NAME": "fs.Stats",
		"LINK": "fs.html#fs_class_fs_stats"
	}, {
		"TYPE": "class",
		"NAME": "fs.WriteStream",
		"LINK": "fs.html#fs_class_fs_writestream"
	}, {
		"TYPE": "class",
		"NAME": "Buffer",
		"LINK": "globals.html#globals_class_buffer"
	}, {
		"TYPE": "class",
		"NAME": "http.Agent",
		"LINK": "http.html#http_class_http_agent"
	}, {
		"TYPE": "class",
		"NAME": "http.ClientRequest",
		"LINK": "http.html#http_class_http_clientrequest"
	}, {
		"TYPE": "class",
		"NAME": "http.Server",
		"LINK": "http.html#http_class_http_server"
	}, {
		"TYPE": "class",
		"NAME": "http.ServerResponse",
		"LINK": "http.html#http_class_http_serverresponse"
	}, {
		"TYPE": "class",
		"NAME": "http.IncomingMessage",
		"LINK": "http.html#http_class_http_incomingmessage"
	}, {
		"TYPE": "class",
		"NAME": "https.Agent",
		"LINK": "https.html#https_class_https_agent"
	}, {
		"TYPE": "class",
		"NAME": "https.Server",
		"LINK": "https.html#https_class_https_server"
	}, {
		"TYPE": "class",
		"NAME": "net.Server",
		"LINK": "net.html#net_class_net_server"
	}, {
		"TYPE": "class",
		"NAME": "net.Socket",
		"LINK": "net.html#net_class_net_socket"
	}, {
		"TYPE": "class",
		"NAME": "Interface",
		"LINK": "readline.html#readline_class_interface"
	}, {
		"TYPE": "class",
		"NAME": "REPLServer",
		"LINK": "repl.html#repl_class_replserver"
	}, {
		"TYPE": "class",
		"NAME": "StringDecoder",
		"LINK": "string_decoder.html#string_decoder_class_stringdecoder"
	}, {
		"TYPE": "class",
		"NAME": "CryptoStream",
		"LINK": "tls.html#tls_class_cryptostream"
	}, {
		"TYPE": "class",
		"NAME": "SecurePair",
		"LINK": "tls.html#tls_class_securepair"
	}, {
		"TYPE": "class",
		"NAME": "tls.Server",
		"LINK": "tls.html#tls_class_tls_server"
	}, {
		"TYPE": "class",
		"NAME": "tls.TLSSocket",
		"LINK": "tls.html#tls_class_tls_tlssocket"
	}, {
		"TYPE": "class",
		"NAME": "ReadStream",
		"LINK": "tty.html#tty_class_readstream"
	}, {
		"TYPE": "class",
		"NAME": "WriteStream",
		"LINK": "tty.html#tty_class_writestream"
	}, {
		"TYPE": "class",
		"NAME": "Script",
		"LINK": "vm.html#vm_class_script"
	}, {
		"TYPE": "class",
		"NAME": "zlib.Deflate",
		"LINK": "zlib.html#zlib_class_zlib_deflate"
	}, {
		"TYPE": "class",
		"NAME": "zlib.DeflateRaw",
		"LINK": "zlib.html#zlib_class_zlib_deflateraw"
	}, {
		"TYPE": "class",
		"NAME": "zlib.Gunzip",
		"LINK": "zlib.html#zlib_class_zlib_gunzip"
	}, {
		"TYPE": "class",
		"NAME": "zlib.Gzip",
		"LINK": "zlib.html#zlib_class_zlib_gzip"
	}, {
		"TYPE": "class",
		"NAME": "zlib.Inflate",
		"LINK": "zlib.html#zlib_class_zlib_inflate"
	}, {
		"TYPE": "class",
		"NAME": "zlib.InflateRaw",
		"LINK": "zlib.html#zlib_class_zlib_inflateraw"
	}, {
		"TYPE": "class",
		"NAME": "zlib.Unzip",
		"LINK": "zlib.html#zlib_class_zlib_unzip"
	}, {
		"TYPE": "class",
		"NAME": "zlib.Zlib",
		"LINK": "zlib.html#zlib_class_zlib_zlib"
	}, {
		"TYPE": "event",
		"NAME": "ChildProcess.disconnect",
		"LINK": "child_process.html#child_process_event_disconnect"
	}, {
		"TYPE": "event",
		"NAME": "ChildProcess. error",
		"LINK": "child_process.html#child_process_event_error"
	}, {
		"TYPE": "event",
		"NAME": "ChildProcess. exit",
		"LINK": "child_process.html#child_process_event_exit"
	}, {
		"TYPE": "event",
		"NAME": "ChildProcess.message",
		"LINK": "child_process.html#child_process_event_message"
	}, {
		"TYPE": "event",
		"NAME": "Worker.disconnect",
		"LINK": "cluster.html#cluster_event_disconnect"
	}, {
		"TYPE": "event",
		"NAME": "Worker.error",
		"LINK": "cluster.html#cluster_event_error"
	}, {
		"TYPE": "event",
		"NAME": "Worker.exit",
		"LINK": "cluster.html#cluster_event_exit"
	}, {
		"TYPE": "event",
		"NAME": "Worker.listening",
		"LINK": "cluster.html#cluster_event_listening"
	}, {
		"TYPE": "event",
		"NAME": "Worker.message",
		"LINK": "cluster.html#cluster_event_message"
	}, {
		"TYPE": "event",
		"NAME": "Worker.online",
		"LINK": "cluster.html#cluster_event_online"
	}, {
		"TYPE": "event",
		"NAME": "cluster.disconnect",
		"LINK": "cluster.html#cluster_event_disconnect_1"
	}, {
		"TYPE": "event",
		"NAME": "cluster.exit",
		"LINK": "cluster.html#cluster_event_exit_1"
	}, {
		"TYPE": "event",
		"NAME": "cluster.fork",
		"LINK": "cluster.html#cluster_event_fork"
	}, {
		"TYPE": "event",
		"NAME": "cluster.listening",
		"LINK": "cluster.html#cluster_event_listening_1"
	}, {
		"TYPE": "event",
		"NAME": "cluster.message",
		"LINK": "cluster.html#cluster_event_message_1"
	}, {
		"TYPE": "event",
		"NAME": "cluster.online",
		"LINK": "cluster.html#cluster_event_online_1"
	}, {
		"TYPE": "event",
		"NAME": "cluster.setup",
		"LINK": "cluster.html#cluster_event_setup"
	}, {
		"TYPE": "event",
		"NAME": "dgram.Socket.close",
		"LINK": "dgram.html#dgram_event_close"
	}, {
		"TYPE": "event",
		"NAME": "dgram.Socket.error",
		"LINK": "dgram.html#dgram_event_error"
	}, {
		"TYPE": "event",
		"NAME": "dgram.Socket.listening",
		"LINK": "dgram.html#dgram_event_listening"
	}, {
		"TYPE": "event",
		"NAME": "dgram.Socket.message",
		"LINK": "dgram.html#dgram_event_message"
	}, {
		"TYPE": "event",
		"NAME": "EventEmitter.newListener",
		"LINK": "events.html#events_event_newlistener"
	}, {
		"TYPE": "event",
		"NAME": "EventEmitter.removeListener",
		"LINK": "events.html#events_event_removelistener"
	}, {
		"TYPE": "event",
		"NAME": "fs.FSWatcher.change",
		"LINK": "fs.html#fs_event_change"
	}, {
		"TYPE": "event",
		"NAME": "fs.FSWatcher.error",
		"LINK": "fs.html#fs_event_error"
	}, {
		"TYPE": "event",
		"NAME": "fs.ReadStream.open",
		"LINK": "fs.html#fs_event_open"
	}, {
		"TYPE": "event",
		"NAME": "fs.WriteStream.open",
		"LINK": "fs.html#fs_event_open_1"
	}, {
		"TYPE": "event",
		"NAME": "http.ClientRequest.abort",
		"LINK": "http.html#http_event_abort"
	}, {
		"TYPE": "event",
		"NAME": "http.ClientRequest.checkExpectation",
		"LINK": "http.html#http_event_checkexpectation"
	}, {
		"TYPE": "event",
		"NAME": "http.ClientRequest.connect",
		"LINK": "http.html#http_event_connect"
	}, {
		"TYPE": "event",
		"NAME": "http.ClientRequest.continue",
		"LINK": "http.html#http_event_continue"
	}, {
		"TYPE": "event",
		"NAME": "http.ClientRequest.response",
		"LINK": "http.html#http_event_response"
	}, {
		"TYPE": "event",
		"NAME": "http.ClientRequest.socket",
		"LINK": "http.html#http_event_socket"
	}, {
		"TYPE": "event",
		"NAME": "http.ClientRequest.upgrade",
		"LINK": "http.html#http_event_upgrade"
	}, {
		"TYPE": "event",
		"NAME": "http.Server.checkContinue",
		"LINK": "http.html#http_event_checkcontinue"
	}, {
		"TYPE": "event",
		"NAME": "http.Server.clientError",
		"LINK": "http.html#http_event_clienterror"
	}, {
		"TYPE": "event",
		"NAME": "http.Server.close",
		"LINK": "http.html#http_event_close"
	}, {
		"TYPE": "event",
		"NAME": "http.Server.connect",
		"LINK": "http.html#http_event_connect_1"
	}, {
		"TYPE": "event",
		"NAME": "http.Server.connection",
		"LINK": "http.html#http_event_connection"
	}, {
		"TYPE": "event",
		"NAME": "http.Server.request",
		"LINK": "http.html#http_event_request"
	}, {
		"TYPE": "event",
		"NAME": "http.Server.upgrade",
		"LINK": "http.html#http_event_upgrade_1"
	}, {
		"TYPE": "event",
		"NAME": "http.ServerResponse.close",
		"LINK": "http.html#http_event_close_1"
	}, {
		"TYPE": "event",
		"NAME": "http.ServerResponse.finish",
		"LINK": "http.html#http_event_finish"
	}, {
		"TYPE": "event",
		"NAME": "http.IncomingMessage.close",
		"LINK": "http.html#http_event_close_2"
	}, {
		"TYPE": "event",
		"NAME": "net.Server.close",
		"LINK": "net.html#net_event_close"
	}, {
		"TYPE": "event",
		"NAME": "net.Server.connection",
		"LINK": "net.html#net_event_connection"
	}, {
		"TYPE": "event",
		"NAME": "net.Server.error",
		"LINK": "net.html#net_event_error"
	}, {
		"TYPE": "event",
		"NAME": "net.Server.listening",
		"LINK": "net.html#net_event_listening"
	}, {
		"TYPE": "event",
		"NAME": "net.Socket.close",
		"LINK": "net.html#net_event_close_1"
	}, {
		"TYPE": "event",
		"NAME": "net.Socket.connect",
		"LINK": "net.html#net_event_connect"
	}, {
		"TYPE": "event",
		"NAME": "net.Socket.data",
		"LINK": "net.html#net_event_data"
	}, {
		"TYPE": "event",
		"NAME": "net.Socket.drain",
		"LINK": "net.html#net_event_drain"
	}, {
		"TYPE": "event",
		"NAME": "net.Socket.end",
		"LINK": "net.html#net_event_end"
	}, {
		"TYPE": "event",
		"NAME": "net.Socket.error",
		"LINK": "net.html#net_event_error_1"
	}, {
		"TYPE": "event",
		"NAME": "net.Socket.lookup",
		"LINK": "net.html#net_event_lookup"
	}, {
		"TYPE": "event",
		"NAME": "net.Socket.timeout",
		"LINK": "net.html#net_event_timeout"
	}, {
		"TYPE": "event",
		"NAME": "process.beforeExit",
		"LINK": "process.html#process_event_beforeexit"
	}, {
		"TYPE": "event",
		"NAME": "process.exit",
		"LINK": "process.html#process_event_exit"
	}, {
		"TYPE": "event",
		"NAME": "process.message",
		"LINK": "process.html#process_event_message"
	}, {
		"TYPE": "event",
		"NAME": "process.rejectionHandled",
		"LINK": "process.html#process_event_rejectionhandled"
	}, {
		"TYPE": "event",
		"NAME": "process.uncaughtException",
		"LINK": "process.html#process_event_uncaughtexception"
	}, {
		"TYPE": "event",
		"NAME": "process.unhandledRejection",
		"LINK": "process.html#process_event_unhandledrejection"
	}, {
		"TYPE": "event",
		"NAME": ".close",
		"LINK": "readline.html#readline_event_close"
	}, {
		"TYPE": "event",
		"NAME": "Events.line",
		"LINK": "readline.html#readline_event_line"
	}, {
		"TYPE": "event",
		"NAME": "Events.pause",
		"LINK": "readline.html#readline_event_pause"
	}, {
		"TYPE": "event",
		"NAME": "Events.resume",
		"LINK": "readline.html#readline_event_resume"
	}, {
		"TYPE": "event",
		"NAME": "Events.SIGCONT",
		"LINK": "readline.html#readline_event_sigcont"
	}, {
		"TYPE": "event",
		"NAME": "Events.SIGINT",
		"LINK": "readline.html#readline_event_sigint"
	}, {
		"TYPE": "event",
		"NAME": "Events.SIGTSTP",
		"LINK": "readline.html#readline_event_sigtstp"
	}, {
		"TYPE": "event",
		"NAME": "REPLServer.exit",
		"LINK": "repl.html#repl_event_exit"
	}, {
		"TYPE": "event",
		"NAME": "REPLServer.reset",
		"LINK": "repl.html#repl_event_reset"
	}, {
		"TYPE": "event",
		"NAME": "SecurePair.secure",
		"LINK": "tls.html#tls_event_secure"
	}, {
		"TYPE": "event",
		"NAME": "tls.Server.clientError",
		"LINK": "tls.html#tls_event_clienterror"
	}, {
		"TYPE": "event",
		"NAME": "tls.Server.newSession",
		"LINK": "tls.html#tls_event_newsession"
	}, {
		"TYPE": "event",
		"NAME": "tls.Server.OCSPRequest",
		"LINK": "tls.html#tls_event_ocsprequest"
	}, {
		"TYPE": "event",
		"NAME": "tls.Server.resumeSession",
		"LINK": "tls.html#tls_event_resumesession"
	}, {
		"TYPE": "event",
		"NAME": "tls.Server.secureConnection",
		"LINK": "tls.html#tls_event_secureconnection"
	}, {
		"TYPE": "event",
		"NAME": "tls.TLSSocket.OCSPResponse",
		"LINK": "tls.html#tls_event_ocspresponse"
	}, {
		"TYPE": "event",
		"NAME": "tls.TLSSocket.secureConnect",
		"LINK": "tls.html#tls_event_secureconnect"
	}, {
		"TYPE": "event",
		"NAME": "WriteStream.resize",
		"LINK": "tty.html#tty_event_resize"
	}, {
		"TYPE": "method",
		"NAME": "assert.ifError",
		"LINK": "assert.html#assert_assert_iferror_value"
	}, {
		"TYPE": "method",
		"NAME": "new Buffer",
		"LINK": "buffer.html#buffer_new_buffer_array"
	}, {
		"TYPE": "method",
		"NAME": "new Buffer",
		"LINK": "buffer.html#buffer_new_buffer_buffer"
	}, {
		"TYPE": "method",
		"NAME": "new Buffer",
		"LINK": "buffer.html#buffer_new_buffer_arraybuffer"
	}, {
		"TYPE": "method",
		"NAME": "new Buffer",
		"LINK": "buffer.html#buffer_new_buffer_size"
	}, {
		"TYPE": "method",
		"NAME": "Buffer.isBuffer",
		"LINK": "buffer.html#buffer_class_method_buffer_isbuffer_obj"
	}, {
		"TYPE": "method",
		"NAME": "Buffer.isEncoding",
		"LINK": "buffer.html#buffer_class_method_buffer_isencoding_encoding"
	}, {
		"TYPE": "method",
		"NAME": "buf.compare",
		"LINK": "buffer.html#buffer_buf_compare_otherbuffer"
	}, {
		"TYPE": "method",
		"NAME": "buf.entries",
		"LINK": "buffer.html#buffer_buf_entries"
	}, {
		"TYPE": "method",
		"NAME": "buf.equals",
		"LINK": "buffer.html#buffer_buf_equals_otherbuffer"
	}, {
		"TYPE": "method",
		"NAME": "buf.keys",
		"LINK": "buffer.html#buffer_buf_keys"
	}, {
		"TYPE": "method",
		"NAME": "buf.toJSON",
		"LINK": "buffer.html#buffer_buf_tojson"
	}, {
		"TYPE": "method",
		"NAME": "buf.values",
		"LINK": "buffer.html#buffer_buf_values"
	}, {
		"TYPE": "method",
		"NAME": "child.disconnect",
		"LINK": "child_process.html#child_process_child_disconnect"
	}, {
		"TYPE": "method",
		"NAME": "worker.disconnect",
		"LINK": "cluster.html#cluster_worker_disconnect"
	}, {
		"TYPE": "method",
		"NAME": "worker.isConnected",
		"LINK": "cluster.html#cluster_worker_isconnected"
	}, {
		"TYPE": "method",
		"NAME": "worker.isDead",
		"LINK": "cluster.html#cluster_worker_isdead"
	}, {
		"TYPE": "method",
		"NAME": "console.time",
		"LINK": "console.html#console_console_time_label"
	}, {
		"TYPE": "method",
		"NAME": "console.timeEnd",
		"LINK": "console.html#console_console_timeend_label"
	}, {
		"TYPE": "method",
		"NAME": "new crypto.Certificate",
		"LINK": "crypto.html#crypto_new_crypto_certificate"
	}, {
		"TYPE": "method",
		"NAME": "certificate.exportChallenge",
		"LINK": "crypto.html#crypto_certificate_exportchallenge_spkac"
	}, {
		"TYPE": "method",
		"NAME": "Certificate.exportPublicKey",
		"LINK": "crypto.html#crypto_certificate_exportpublickey_spkac"
	}, {
		"TYPE": "method",
		"NAME": "Certificate.verifySpkac",
		"LINK": "crypto.html#crypto_certificate_verifyspkac_spkac"
	}, {
		"TYPE": "method",
		"NAME": "cipher.setAAD",
		"LINK": "crypto.html#crypto_cipher_setaad_buffer"
	}, {
		"TYPE": "method",
		"NAME": "cipher.getAuthTag",
		"LINK": "crypto.html#crypto_cipher_getauthtag"
	}, {
		"TYPE": "method",
		"NAME": "decipher.setAAD",
		"LINK": "crypto.html#crypto_decipher_setaad_buffer"
	}, {
		"TYPE": "method",
		"NAME": "decipher.setAuthTag",
		"LINK": "crypto.html#crypto_decipher_setauthtag_buffer"
	}, {
		"TYPE": "method",
		"NAME": "hmac.update",
		"LINK": "crypto.html#crypto_hmac_update_data"
	}, {
		"TYPE": "method",
		"NAME": "sign.update",
		"LINK": "crypto.html#crypto_sign_update_data"
	}, {
		"TYPE": "method",
		"NAME": "verifier.update",
		"LINK": "crypto.html#crypto_verifier_update_data"
	}, {
		"TYPE": "method",
		"NAME": "crypto.createCredentials",
		"LINK": "crypto.html#crypto_crypto_createcredentials_details"
	}, {
		"TYPE": "method",
		"NAME": "crypto.createECDH",
		"LINK": "crypto.html#crypto_crypto_createecdh_curve_name"
	}, {
		"TYPE": "method",
		"NAME": "crypto.createHash",
		"LINK": "crypto.html#crypto_crypto_createhash_algorithm"
	}, {
		"TYPE": "method",
		"NAME": "crypto.createSign",
		"LINK": "crypto.html#crypto_crypto_createsign_algorithm"
	}, {
		"TYPE": "method",
		"NAME": "crypto.createVerify",
		"LINK": "crypto.html#crypto_crypto_createverify_algorithm"
	}, {
		"TYPE": "method",
		"NAME": "crypto.getCiphers",
		"LINK": "crypto.html#crypto_crypto_getciphers"
	}, {
		"TYPE": "method",
		"NAME": "crypto.getCurves",
		"LINK": "crypto.html#crypto_crypto_getcurves"
	}, {
		"TYPE": "method",
		"NAME": "crypto.getDiffieHellman",
		"LINK": "crypto.html#crypto_crypto_getdiffiehellman_group_name"
	}, {
		"TYPE": "method",
		"NAME": "crypto.getHashes",
		"LINK": "crypto.html#crypto_crypto_gethashes"
	}, {
		"TYPE": "method",
		"NAME": "socket.address",
		"LINK": "dgram.html#dgram_socket_address"
	}, {
		"TYPE": "method",
		"NAME": "socket.setBroadcast",
		"LINK": "dgram.html#dgram_socket_setbroadcast_flag"
	}, {
		"TYPE": "method",
		"NAME": "socket.setMulticastLoopback",
		"LINK": "dgram.html#dgram_socket_setmulticastloopback_flag"
	}, {
		"TYPE": "method",
		"NAME": "socket.setMulticastTTL",
		"LINK": "dgram.html#dgram_socket_setmulticastttl_ttl"
	}, {
		"TYPE": "method",
		"NAME": "socket.setTTL",
		"LINK": "dgram.html#dgram_socket_setttl_ttl"
	}, {
		"TYPE": "method",
		"NAME": "socket.ref",
		"LINK": "dgram.html#dgram_socket_ref"
	}, {
		"TYPE": "method",
		"NAME": "socket.unref",
		"LINK": "dgram.html#dgram_socket_unref"
	}, {
		"TYPE": "method",
		"NAME": "dns.lookup",
		"LINK": "dns.html#dns_dns_lookup"
	}, {
		"TYPE": "method",
		"NAME": "dns.resolve",
		"LINK": "dns.html#dns_dns_resolve_dns_resolve_and_dns_reverse"
	}, {
		"TYPE": "method",
		"NAME": "dns.getServers",
		"LINK": "dns.html#dns_dns_getservers"
	}, {
		"TYPE": "method",
		"NAME": "dns.setServers",
		"LINK": "dns.html#dns_dns_setservers_servers"
	}, {
		"TYPE": "method",
		"NAME": "domain.add",
		"LINK": "domain.html#domain_domain_add_emitter"
	}, {
		"TYPE": "method",
		"NAME": "domain.remove",
		"LINK": "domain.html#domain_domain_remove_emitter"
	}, {
		"TYPE": "method",
		"NAME": "domain.bind",
		"LINK": "domain.html#domain_domain_bind_callback"
	}, {
		"TYPE": "method",
		"NAME": "domain.intercept",
		"LINK": "domain.html#domain_domain_intercept_callback"
	}, {
		"TYPE": "method",
		"NAME": "domain.enter",
		"LINK": "domain.html#domain_domain_enter"
	}, {
		"TYPE": "method",
		"NAME": "domain.exit",
		"LINK": "domain.html#domain_domain_exit"
	}, {
		"TYPE": "method",
		"NAME": "domain.dispose",
		"LINK": "domain.html#domain_domain_dispose"
	}, {
		"TYPE": "method",
		"NAME": "domain.create",
		"LINK": "domain.html#domain_domain_create"
	}, {
		"TYPE": "method",
		"NAME": "new Error",
		"LINK": "errors.html#errors_new_error_message"
	}, {
		"TYPE": "method",
		"NAME": "emitter.getMaxListeners",
		"LINK": "events.html#events_emitter_getmaxlisteners"
	}, {
		"TYPE": "method",
		"NAME": "emitter.listenerCount",
		"LINK": "events.html#events_emitter_listenercount_event"
	}, {
		"TYPE": "method",
		"NAME": "emitter.listeners",
		"LINK": "events.html#events_emitter_listeners_event"
	}, {
		"TYPE": "method",
		"NAME": "emitter.setMaxListeners",
		"LINK": "events.html#events_emitter_setmaxlisteners_n"
	}, {
		"TYPE": "method",
		"NAME": "watcher.close",
		"LINK": "fs.html#fs_watcher_close"
	}, {
		"TYPE": "method",
		"NAME": "fs.closeSync",
		"LINK": "fs.html#fs_fs_closesync_fd"
	}, {
		"TYPE": "method",
		"NAME": "fs.existsSync",
		"LINK": "fs.html#fs_fs_existssync_path"
	}, {
		"TYPE": "method",
		"NAME": "fs.fstatSync",
		"LINK": "fs.html#fs_fs_fstatsync_fd"
	}, {
		"TYPE": "method",
		"NAME": "fs.fsyncSync",
		"LINK": "fs.html#fs_fs_fsyncsync_fd"
	}, {
		"TYPE": "method",
		"NAME": "fs.lstatSync",
		"LINK": "fs.html#fs_fs_lstatsync_path"
	}, {
		"TYPE": "method",
		"NAME": "fs.readdirSync",
		"LINK": "fs.html#fs_fs_readdirsync_path"
	}, {
		"TYPE": "method",
		"NAME": "fs.readlinkSync",
		"LINK": "fs.html#fs_fs_readlinksync_path"
	}, {
		"TYPE": "method",
		"NAME": "fs.rmdirSync",
		"LINK": "fs.html#fs_fs_rmdirsync_path"
	}, {
		"TYPE": "method",
		"NAME": "fs.statSync",
		"LINK": "fs.html#fs_fs_statsync_path"
	}, {
		"TYPE": "method",
		"NAME": "fs.unlinkSync",
		"LINK": "fs.html#fs_fs_unlinksync_path"
	}, {
		"TYPE": "method",
		"NAME": "require.resolve",
		"LINK": "globals.html#globals_require_resolve"
	}, {
		"TYPE": "method",
		"NAME": "clearInterval",
		"LINK": "globals.html#globals_clearinterval_t"
	}, {
		"TYPE": "method",
		"NAME": "clearTimeout",
		"LINK": "globals.html#globals_cleartimeout_t"
	}, {
		"TYPE": "method",
		"NAME": "require",
		"LINK": "globals.html#globals_require"
	}, {
		"TYPE": "method",
		"NAME": "agent.destroy",
		"LINK": "http.html#http_agent_destroy"
	}, {
		"TYPE": "method",
		"NAME": "agent.getName",
		"LINK": "http.html#http_agent_getname_options"
	}, {
		"TYPE": "method",
		"NAME": "request.abort",
		"LINK": "http.html#http_request_abort"
	}, {
		"TYPE": "method",
		"NAME": "request.flushHeaders",
		"LINK": "http.html#http_request_flushheaders"
	}, {
		"TYPE": "method",
		"NAME": "response.addTrailers",
		"LINK": "http.html#http_response_addtrailers_headers"
	}, {
		"TYPE": "method",
		"NAME": "response.getHeader",
		"LINK": "http.html#http_response_getheader_name"
	}, {
		"TYPE": "method",
		"NAME": "response.removeHeader",
		"LINK": "http.html#http_response_removeheader_name"
	}, {
		"TYPE": "method",
		"NAME": "response.writeContinue",
		"LINK": "http.html#http_response_writecontinue"
	}, {
		"TYPE": "method",
		"NAME": "module.require",
		"LINK": "modules.html#modules_module_require_id"
	}, {
		"TYPE": "method",
		"NAME": "server.address",
		"LINK": "net.html#net_server_address"
	}, {
		"TYPE": "method",
		"NAME": "server.getConnections",
		"LINK": "net.html#net_server_getconnections_callback"
	}, {
		"TYPE": "method",
		"NAME": "server.ref",
		"LINK": "net.html#net_server_ref"
	}, {
		"TYPE": "method",
		"NAME": "server.unref",
		"LINK": "net.html#net_server_unref"
	}, {
		"TYPE": "method",
		"NAME": "socket.address",
		"LINK": "net.html#net_socket_address"
	}, {
		"TYPE": "method",
		"NAME": "socket.destroy",
		"LINK": "net.html#net_socket_destroy"
	}, {
		"TYPE": "method",
		"NAME": "socket.pause",
		"LINK": "net.html#net_socket_pause"
	}, {
		"TYPE": "method",
		"NAME": "socket.ref",
		"LINK": "net.html#net_socket_ref"
	}, {
		"TYPE": "method",
		"NAME": "socket.resume",
		"LINK": "net.html#net_socket_resume"
	}, {
		"TYPE": "method",
		"NAME": "socket.unref",
		"LINK": "net.html#net_socket_unref"
	}, {
		"TYPE": "method",
		"NAME": "net.isIP",
		"LINK": "net.html#net_net_isip_input"
	}, {
		"TYPE": "method",
		"NAME": "net.isIPv4",
		"LINK": "net.html#net_net_isipv4_input"
	}, {
		"TYPE": "method",
		"NAME": "net.isIPv6",
		"LINK": "net.html#net_net_isipv6_input"
	}, {
		"TYPE": "method",
		"NAME": "os.arch",
		"LINK": "os.html#os_os_arch"
	}, {
		"TYPE": "method",
		"NAME": "os.cpus",
		"LINK": "os.html#os_os_cpus"
	}, {
		"TYPE": "method",
		"NAME": "os.endianness",
		"LINK": "os.html#os_os_endianness"
	}, {
		"TYPE": "method",
		"NAME": "os.freemem",
		"LINK": "os.html#os_os_freemem"
	}, {
		"TYPE": "method",
		"NAME": "os.homedir",
		"LINK": "os.html#os_os_homedir"
	}, {
		"TYPE": "method",
		"NAME": "os.hostname",
		"LINK": "os.html#os_os_hostname"
	}, {
		"TYPE": "method",
		"NAME": "os.loadavg",
		"LINK": "os.html#os_os_loadavg"
	}, {
		"TYPE": "method",
		"NAME": "os.networkInterfaces",
		"LINK": "os.html#os_os_networkinterfaces"
	}, {
		"TYPE": "method",
		"NAME": "os.platform",
		"LINK": "os.html#os_os_platform"
	}, {
		"TYPE": "method",
		"NAME": "os.release",
		"LINK": "os.html#os_os_release"
	}, {
		"TYPE": "method",
		"NAME": "os.tmpdir",
		"LINK": "os.html#os_os_tmpdir"
	}, {
		"TYPE": "method",
		"NAME": "os.totalmem",
		"LINK": "os.html#os_os_totalmem"
	}, {
		"TYPE": "method",
		"NAME": "os.type",
		"LINK": "os.html#os_os_type"
	}, {
		"TYPE": "method",
		"NAME": "os.uptime",
		"LINK": "os.html#os_os_uptime"
	}, {
		"TYPE": "method",
		"NAME": "path.dirname",
		"LINK": "path.html#path_path_dirname_p"
	}, {
		"TYPE": "method",
		"NAME": "path.extname",
		"LINK": "path.html#path_path_extname_p"
	}, {
		"TYPE": "method",
		"NAME": "path.format",
		"LINK": "path.html#path_path_format_pathobject"
	}, {
		"TYPE": "method",
		"NAME": "path.isAbsolute",
		"LINK": "path.html#path_path_isabsolute_path"
	}, {
		"TYPE": "method",
		"NAME": "path.normalize",
		"LINK": "path.html#path_path_normalize_p"
	}, {
		"TYPE": "method",
		"NAME": "path.parse",
		"LINK": "path.html#path_path_parse_pathstring"
	}, {
		"TYPE": "method",
		"NAME": "process.abort",
		"LINK": "process.html#process_process_abort"
	}, {
		"TYPE": "method",
		"NAME": "process.chdir",
		"LINK": "process.html#process_process_chdir_directory"
	}, {
		"TYPE": "method",
		"NAME": "process.cwd",
		"LINK": "process.html#process_process_cwd"
	}, {
		"TYPE": "method",
		"NAME": "process.disconnect",
		"LINK": "process.html#process_process_disconnect"
	}, {
		"TYPE": "method",
		"NAME": "process.getegid",
		"LINK": "process.html#process_process_getegid"
	}, {
		"TYPE": "method",
		"NAME": "process.geteuid",
		"LINK": "process.html#process_process_geteuid"
	}, {
		"TYPE": "method",
		"NAME": "process.getgid",
		"LINK": "process.html#process_process_getgid"
	}, {
		"TYPE": "method",
		"NAME": "process.getgroups",
		"LINK": "process.html#process_process_getgroups"
	}, {
		"TYPE": "method",
		"NAME": "process.getuid",
		"LINK": "process.html#process_process_getuid"
	}, {
		"TYPE": "method",
		"NAME": "process.hrtime",
		"LINK": "process.html#process_process_hrtime"
	}, {
		"TYPE": "method",
		"NAME": "process.memoryUsage",
		"LINK": "process.html#process_process_memoryusage"
	}, {
		"TYPE": "method",
		"NAME": "process.setegid",
		"LINK": "process.html#process_process_setegid_id"
	}, {
		"TYPE": "method",
		"NAME": "process.seteuid",
		"LINK": "process.html#process_process_seteuid_id"
	}, {
		"TYPE": "method",
		"NAME": "process.setgid",
		"LINK": "process.html#process_process_setgid_id"
	}, {
		"TYPE": "method",
		"NAME": "process.setgroups",
		"LINK": "process.html#process_process_setgroups_groups"
	}, {
		"TYPE": "method",
		"NAME": "process.setuid",
		"LINK": "process.html#process_process_setuid_id"
	}, {
		"TYPE": "method",
		"NAME": "process.uptime",
		"LINK": "process.html#process_process_uptime"
	}, {
		"TYPE": "method",
		"NAME": "punycode.ucs2.decode",
		"LINK": "punycode.html#punycode_punycode_ucs2_decode_string"
	}, {
		"TYPE": "method",
		"NAME": "punycode.ucs2.encode",
		"LINK": "punycode.html#punycode_punycode_ucs2_encode_codepoints"
	}, {
		"TYPE": "method",
		"NAME": "punycode.decode",
		"LINK": "punycode.html#punycode_punycode_decode_string"
	}, {
		"TYPE": "method",
		"NAME": "punycode.encode",
		"LINK": "punycode.html#punycode_punycode_encode_string"
	}, {
		"TYPE": "method",
		"NAME": "punycode.toASCII",
		"LINK": "punycode.html#punycode_punycode_toascii_domain"
	}, {
		"TYPE": "method",
		"NAME": "punycode.toUnicode",
		"LINK": "punycode.html#punycode_punycode_tounicode_domain"
	}, {
		"TYPE": "method",
		"NAME": "rl.close",
		"LINK": "readline.html#readline_rl_close"
	}, {
		"TYPE": "method",
		"NAME": "rl.pause",
		"LINK": "readline.html#readline_rl_pause"
	}, {
		"TYPE": "method",
		"NAME": "rl.resume",
		"LINK": "readline.html#readline_rl_resume"
	}, {
		"TYPE": "method",
		"NAME": "rl.setPrompt",
		"LINK": "readline.html#readline_rl_setprompt_prompt"
	}, {
		"TYPE": "method",
		"NAME": "readline.clearScreenDown",
		"LINK": "readline.html#readline_readline_clearscreendown_stream"
	}, {
		"TYPE": "method",
		"NAME": "readline.createInterface",
		"LINK": "readline.html#readline_readline_createinterface_options"
	}, {
		"TYPE": "method",
		"NAME": "repl.start",
		"LINK": "repl.html#repl_repl_start_options"
	}, {
		"TYPE": "method",
		"NAME": "stream.read",
		"LINK": "stream.html#stream_stream_read_0"
	}, {
		"TYPE": "method",
		"NAME": "decoder.end",
		"LINK": "string_decoder.html#string_decoder_decoder_end"
	}, {
		"TYPE": "method",
		"NAME": "decoder.write",
		"LINK": "string_decoder.html#string_decoder_decoder_write_buffer"
	}, {
		"TYPE": "method",
		"NAME": "clearImmediate",
		"LINK": "timers.html#timers_clearimmediate_immediateobject"
	}, {
		"TYPE": "method",
		"NAME": "clearInterval",
		"LINK": "timers.html#timers_clearinterval_intervalobject"
	}, {
		"TYPE": "method",
		"NAME": "clearTimeout",
		"LINK": "timers.html#timers_cleartimeout_timeoutobject"
	}, {
		"TYPE": "method",
		"NAME": "ref",
		"LINK": "timers.html#timers_ref"
	}, {
		"TYPE": "method",
		"NAME": "unref",
		"LINK": "timers.html#timers_unref"
	}, {
		"TYPE": "method",
		"NAME": "server.address",
		"LINK": "tls.html#tls_server_address"
	}, {
		"TYPE": "method",
		"NAME": "server.getTicketKeys",
		"LINK": "tls.html#tls_server_getticketkeys"
	}, {
		"TYPE": "method",
		"NAME": "server.setTicketKeys",
		"LINK": "tls.html#tls_server_setticketkeys_keys"
	}, {
		"TYPE": "method",
		"NAME": "tlsSocket.address",
		"LINK": "tls.html#tls_tlssocket_address"
	}, {
		"TYPE": "method",
		"NAME": "tlsSocket.getCipher",
		"LINK": "tls.html#tls_tlssocket_getcipher"
	}, {
		"TYPE": "method",
		"NAME": "tlsSocket.getEphemeralKeyInfo",
		"LINK": "tls.html#tls_tlssocket_getephemeralkeyinfo"
	}, {
		"TYPE": "method",
		"NAME": "tlsSocket.getSession",
		"LINK": "tls.html#tls_tlssocket_getsession"
	}, {
		"TYPE": "method",
		"NAME": "tlsSocket.getTLSTicket",
		"LINK": "tls.html#tls_tlssocket_gettlsticket"
	}, {
		"TYPE": "method",
		"NAME": "tlsSocket.setMaxSendFragment",
		"LINK": "tls.html#tls_tlssocket_setmaxsendfragment_size"
	}, {
		"TYPE": "method",
		"NAME": "tls.createSecureContext",
		"LINK": "tls.html#tls_tls_createsecurecontext_details"
	}, {
		"TYPE": "method",
		"NAME": "tls.getCiphers",
		"LINK": "tls.html#tls_tls_getciphers"
	}, {
		"TYPE": "method",
		"NAME": "rs.setRawMode",
		"LINK": "tty.html#tty_rs_setrawmode_mode"
	}, {
		"TYPE": "method",
		"NAME": "tty.isatty",
		"LINK": "tty.html#tty_tty_isatty_fd"
	}, {
		"TYPE": "method",
		"NAME": "tty.setRawMode",
		"LINK": "tty.html#tty_tty_setrawmode_mode"
	}, {
		"TYPE": "method",
		"NAME": "url.format",
		"LINK": "url.html#url_url_format_urlobj"
	}, {
		"TYPE": "method",
		"NAME": "util.debug",
		"LINK": "util.html#util_util_debug_string"
	}, {
		"TYPE": "method",
		"NAME": "util.debuglog",
		"LINK": "util.html#util_util_debuglog_section"
	}, {
		"TYPE": "method",
		"NAME": "util.isArray",
		"LINK": "util.html#util_util_isarray_object"
	}, {
		"TYPE": "method",
		"NAME": "util.isBoolean",
		"LINK": "util.html#util_util_isboolean_object"
	}, {
		"TYPE": "method",
		"NAME": "util.isBuffer",
		"LINK": "util.html#util_util_isbuffer_object"
	}, {
		"TYPE": "method",
		"NAME": "util.isDate",
		"LINK": "util.html#util_util_isdate_object"
	}, {
		"TYPE": "method",
		"NAME": "util.isError",
		"LINK": "util.html#util_util_iserror_object"
	}, {
		"TYPE": "method",
		"NAME": "util.isFunction",
		"LINK": "util.html#util_util_isfunction_object"
	}, {
		"TYPE": "method",
		"NAME": "util.isNull",
		"LINK": "util.html#util_util_isnull_object"
	}, {
		"TYPE": "method",
		"NAME": "util.isNullOrUndefined",
		"LINK": "util.html#util_util_isnullorundefined_object"
	}, {
		"TYPE": "method",
		"NAME": "util.isNumber",
		"LINK": "util.html#util_util_isnumber_object"
	}, {
		"TYPE": "method",
		"NAME": "util.isObject",
		"LINK": "util.html#util_util_isobject_object"
	}, {
		"TYPE": "method",
		"NAME": "util.isPrimitive",
		"LINK": "util.html#util_util_isprimitive_object"
	}, {
		"TYPE": "method",
		"NAME": "util.isRegExp",
		"LINK": "util.html#util_util_isregexp_object"
	}, {
		"TYPE": "method",
		"NAME": "util.isString",
		"LINK": "util.html#util_util_isstring_object"
	}, {
		"TYPE": "method",
		"NAME": "util.isSymbol",
		"LINK": "util.html#util_util_issymbol_object"
	}, {
		"TYPE": "method",
		"NAME": "util.isUndefined",
		"LINK": "util.html#util_util_isundefined_object"
	}, {
		"TYPE": "method",
		"NAME": "util.log",
		"LINK": "util.html#util_util_log_string"
	}, {
		"TYPE": "method",
		"NAME": "getHeapStatistics",
		"LINK": "v8.html#v8_getheapstatistics"
	}, {
		"TYPE": "method",
		"NAME": "getHeapSpaceStatistics",
		"LINK": "v8.html#v8_getheapspacestatistics"
	}, {
		"TYPE": "method",
		"NAME": "setFlagsFromString",
		"LINK": "v8.html#v8_setflagsfromstring_string"
	}, {
		"TYPE": "method",
		"NAME": "vm.isContext",
		"LINK": "vm.html#vm_vm_iscontext_sandbox"
	}, {
		"TYPE": "method",
		"NAME": "vm.runInDebugContext",
		"LINK": "vm.html#vm_vm_runindebugcontext_code"
	}, {
		"TYPE": "method",
		"NAME": "zlib.reset",
		"LINK": "zlib.html#zlib_zlib_reset"
	}, {
		"TYPE": "method",
		"NAME": "zlib.createDeflate",
		"LINK": "zlib.html#zlib_zlib_createdeflate_options"
	}, {
		"TYPE": "method",
		"NAME": "zlib.createDeflateRaw",
		"LINK": "zlib.html#zlib_zlib_createdeflateraw_options"
	}, {
		"TYPE": "method",
		"NAME": "zlib.createGunzip",
		"LINK": "zlib.html#zlib_zlib_creategunzip_options"
	}, {
		"TYPE": "method",
		"NAME": "zlib.createGzip",
		"LINK": "zlib.html#zlib_zlib_creategzip_options"
	}, {
		"TYPE": "method",
		"NAME": "zlib.createInflate",
		"LINK": "zlib.html#zlib_zlib_createinflate_options"
	}, {
		"TYPE": "method",
		"NAME": "zlib.createInflateRaw",
		"LINK": "zlib.html#zlib_zlib_createinflateraw_options"
	}, {
		"TYPE": "method",
		"NAME": "zlib.createUnzip",
		"LINK": "zlib.html#zlib_zlib_createunzip_options"
	}, {
		"TYPE": "module",
		"NAME": "Assert",
		"LINK": "assert.html#assert_assert"
	}, {
		"TYPE": "module",
		"NAME": "Buffer",
		"LINK": "buffer.html#buffer_buffer"
	}, {
		"TYPE": "module",
		"NAME": "Child Process",
		"LINK": "child_process.html#child_process_child_process"
	}, {
		"TYPE": "module",
		"NAME": "Cluster",
		"LINK": "cluster.html#cluster_cluster"
	}, {
		"TYPE": "module",
		"NAME": "Console",
		"LINK": "console.html#console_console"
	}, {
		"TYPE": "module",
		"NAME": "Crypto",
		"LINK": "crypto.html#crypto_crypto"
	}, {
		"TYPE": "module",
		"NAME": "UDP / Datagram Sockets",
		"LINK": "dgram.html#dgram_udp_datagram_sockets"
	}, {
		"TYPE": "module",
		"NAME": "DNS",
		"LINK": "dns.html#dns_dns"
	}, {
		"TYPE": "module",
		"NAME": "Domain",
		"LINK": "domain.html#domain_domain"
	}, {
		"TYPE": "module",
		"NAME": "Errors",
		"LINK": "errors.html#errors_errors"
	}, {
		"TYPE": "module",
		"NAME": "Events",
		"LINK": "events.html#events_events"
	}, {
		"TYPE": "module",
		"NAME": "File System",
		"LINK": "fs.html#fs_file_system"
	}, {
		"TYPE": "module",
		"NAME": "Global Objects",
		"LINK": "globals.html#globals_global_objects"
	}, {
		"TYPE": "module",
		"NAME": "HTTP",
		"LINK": "http.html#http_http"
	}, {
		"TYPE": "module",
		"NAME": "HTTPS",
		"LINK": "https.html#https_https"
	}, {
		"TYPE": "module",
		"NAME": "Modules",
		"LINK": "modules.html#modules_modules"
	}, {
		"TYPE": "module",
		"NAME": "net",
		"LINK": "net.html#net_net"
	}, {
		"TYPE": "module",
		"NAME": "OS",
		"LINK": "os.html#os_os"
	}, {
		"TYPE": "module",
		"NAME": "Path",
		"LINK": "path.html#path_path"
	}, {
		"TYPE": "module",
		"NAME": "process",
		"LINK": "process.html#process_process"
	}, {
		"TYPE": "module",
		"NAME": "punycode",
		"LINK": "punycode.html#punycode_punycode"
	}, {
		"TYPE": "module",
		"NAME": "Query String",
		"LINK": "querystring.html#querystring_query_string"
	}, {
		"TYPE": "module",
		"NAME": "Readline",
		"LINK": "readline.html#readline_readline"
	}, {
		"TYPE": "module",
		"NAME": "REPL",
		"LINK": "repl.html#repl_repl"
	}, {
		"TYPE": "module",
		"NAME": "Stream",
		"LINK": "stream.html#stream_stream"
	}, {
		"TYPE": "module",
		"NAME": "StringDecoder",
		"LINK": "string_decoder.html#string_decoder_stringdecoder"
	}, {
		"TYPE": "module",
		"NAME": "Timers",
		"LINK": "timers.html#timers_timers"
	}, {
		"TYPE": "module",
		"NAME": "TLS (SSL)",
		"LINK": "tls.html#tls_tls_ssl"
	}, {
		"TYPE": "module",
		"NAME": "TTY",
		"LINK": "tty.html#tty_tty"
	}, {
		"TYPE": "module",
		"NAME": "URL",
		"LINK": "url.html#url_url"
	}, {
		"TYPE": "module",
		"NAME": "util",
		"LINK": "util.html#util_util"
	}, {
		"TYPE": "module",
		"NAME": "V8",
		"LINK": "v8.html#v8_v8"
	}, {
		"TYPE": "module",
		"NAME": "Executing JavaScript",
		"LINK": "vm.html#vm_executing_javascript"
	}, {
		"TYPE": "module",
		"NAME": "Zlib",
		"LINK": "zlib.html#zlib_zlib"
	}, {
		"TYPE": "property",
		"NAME": "buf[index]",
		"LINK": "buffer.html#buffer_buf_index"
	}, {
		"TYPE": "property",
		"NAME": "buf.length",
		"LINK": "buffer.html#buffer_buf_length"
	}, {
		"TYPE": "property",
		"NAME": "buffer.INSPECT_MAX_BYTES",
		"LINK": "buffer.html#buffer_buffer_inspect_max_bytes"
	}, {
		"TYPE": "property",
		"NAME": "child.connected",
		"LINK": "child_process.html#child_process_child_connected"
	}, {
		"TYPE": "property",
		"NAME": "child.pid",
		"LINK": "child_process.html#child_process_child_pid"
	}, {
		"TYPE": "property",
		"NAME": "child.stderr",
		"LINK": "child_process.html#child_process_child_stderr"
	}, {
		"TYPE": "property",
		"NAME": "child.stdin",
		"LINK": "child_process.html#child_process_child_stdin"
	}, {
		"TYPE": "property",
		"NAME": "child.stdio",
		"LINK": "child_process.html#child_process_child_stdio"
	}, {
		"TYPE": "property",
		"NAME": "child.stdout",
		"LINK": "child_process.html#child_process_child_stdout"
	}, {
		"TYPE": "property",
		"NAME": "worker.id",
		"LINK": "cluster.html#cluster_worker_id"
	}, {
		"TYPE": "property",
		"NAME": "worker.process",
		"LINK": "cluster.html#cluster_worker_process"
	}, {
		"TYPE": "property",
		"NAME": "worker.suicide",
		"LINK": "cluster.html#cluster_worker_suicide"
	}, {
		"TYPE": "property",
		"NAME": "cluster.isMaster",
		"LINK": "cluster.html#cluster_cluster_ismaster"
	}, {
		"TYPE": "property",
		"NAME": "cluster.isWorker",
		"LINK": "cluster.html#cluster_cluster_isworker"
	}, {
		"TYPE": "property",
		"NAME": "cluster.schedulingPolicy",
		"LINK": "cluster.html#cluster_cluster_schedulingpolicy"
	}, {
		"TYPE": "property",
		"NAME": "cluster.settings",
		"LINK": "cluster.html#cluster_cluster_settings"
	}, {
		"TYPE": "property",
		"NAME": "cluster.worker",
		"LINK": "cluster.html#cluster_cluster_worker"
	}, {
		"TYPE": "property",
		"NAME": "cluster.workers",
		"LINK": "cluster.html#cluster_cluster_workers"
	}, {
		"TYPE": "property",
		"NAME": "diffieHellman.verifyError",
		"LINK": "crypto.html#crypto_diffiehellman_verifyerror"
	}, {
		"TYPE": "property",
		"NAME": "crypto.DEFAULT_ENCODING",
		"LINK": "crypto.html#crypto_crypto_default_encoding"
	}, {
		"TYPE": "property",
		"NAME": "domain.members",
		"LINK": "domain.html#domain_domain_members"
	}, {
		"TYPE": "property",
		"NAME": "Error.stackTraceLimit",
		"LINK": "errors.html#errors_error_stacktracelimit"
	}, {
		"TYPE": "property",
		"NAME": "EventEmitter.defaultMaxListeners",
		"LINK": "events.html#events_eventemitter_defaultmaxlisteners"
	}, {
		"TYPE": "property",
		"NAME": "readStream.path",
		"LINK": "fs.html#fs_readstream_path"
	}, {
		"TYPE": "property",
		"NAME": "writeStream.bytesWritten",
		"LINK": "fs.html#fs_writestream_byteswritten"
	}, {
		"TYPE": "property",
		"NAME": "writeStream.path",
		"LINK": "fs.html#fs_writestream_path"
	}, {
		"TYPE": "property",
		"NAME": "require.cache",
		"LINK": "globals.html#globals_require_cache"
	}, {
		"TYPE": "property",
		"NAME": "require.extensions",
		"LINK": "globals.html#globals_require_extensions"
	}, {
		"TYPE": "property",
		"NAME": "agent.freeSockets",
		"LINK": "http.html#http_agent_freesockets"
	}, {
		"TYPE": "property",
		"NAME": "agent.maxFreeSockets",
		"LINK": "http.html#http_agent_maxfreesockets"
	}, {
		"TYPE": "property",
		"NAME": "agent.maxSockets",
		"LINK": "http.html#http_agent_maxsockets"
	}, {
		"TYPE": "property",
		"NAME": "agent.requests",
		"LINK": "http.html#http_agent_requests"
	}, {
		"TYPE": "property",
		"NAME": "agent.sockets",
		"LINK": "http.html#http_agent_sockets"
	}, {
		"TYPE": "property",
		"NAME": "server.maxHeadersCount",
		"LINK": "http.html#http_server_maxheaderscount"
	}, {
		"TYPE": "property",
		"NAME": "server.timeout",
		"LINK": "http.html#http_server_timeout"
	}, {
		"TYPE": "property",
		"NAME": "response.finished",
		"LINK": "http.html#http_response_finished"
	}, {
		"TYPE": "property",
		"NAME": "response.headersSent",
		"LINK": "http.html#http_response_headerssent"
	}, {
		"TYPE": "property",
		"NAME": "response.sendDate",
		"LINK": "http.html#http_response_senddate"
	}, {
		"TYPE": "property",
		"NAME": "response.statusCode",
		"LINK": "http.html#http_response_statuscode"
	}, {
		"TYPE": "property",
		"NAME": "response.statusMessage",
		"LINK": "http.html#http_response_statusmessage"
	}, {
		"TYPE": "property",
		"NAME": "message.headers",
		"LINK": "http.html#http_message_headers"
	}, {
		"TYPE": "property",
		"NAME": "message.httpVersion",
		"LINK": "http.html#http_message_httpversion"
	}, {
		"TYPE": "property",
		"NAME": "message.method",
		"LINK": "http.html#http_message_method"
	}, {
		"TYPE": "property",
		"NAME": "message.rawHeaders",
		"LINK": "http.html#http_message_rawheaders"
	}, {
		"TYPE": "property",
		"NAME": "message.rawTrailers",
		"LINK": "http.html#http_message_rawtrailers"
	}, {
		"TYPE": "property",
		"NAME": "message.statusCode",
		"LINK": "http.html#http_message_statuscode"
	}, {
		"TYPE": "property",
		"NAME": "message.statusMessage",
		"LINK": "http.html#http_message_statusmessage"
	}, {
		"TYPE": "property",
		"NAME": "message.socket",
		"LINK": "http.html#http_message_socket"
	}, {
		"TYPE": "property",
		"NAME": "message.trailers",
		"LINK": "http.html#http_message_trailers"
	}, {
		"TYPE": "property",
		"NAME": "message.url",
		"LINK": "http.html#http_message_url"
	}, {
		"TYPE": "property",
		"NAME": "http.METHODS",
		"LINK": "http.html#http_http_methods"
	}, {
		"TYPE": "property",
		"NAME": "http.STATUS_CODES",
		"LINK": "http.html#http_http_status_codes"
	}, {
		"TYPE": "property",
		"NAME": "http.globalAgent",
		"LINK": "http.html#http_http_globalagent"
	}, {
		"TYPE": "property",
		"NAME": "server.timeout",
		"LINK": "https.html#https_server_timeout"
	}, {
		"TYPE": "property",
		"NAME": "https.globalAgent",
		"LINK": "https.html#https_https_globalagent"
	}, {
		"TYPE": "property",
		"NAME": "module.children",
		"LINK": "modules.html#modules_module_children"
	}, {
		"TYPE": "property",
		"NAME": "module.exports",
		"LINK": "modules.html#modules_module_exports"
	}, {
		"TYPE": "property",
		"NAME": "module.filename",
		"LINK": "modules.html#modules_module_filename"
	}, {
		"TYPE": "property",
		"NAME": "module.id",
		"LINK": "modules.html#modules_module_id"
	}, {
		"TYPE": "property",
		"NAME": "module.loaded",
		"LINK": "modules.html#modules_module_loaded"
	}, {
		"TYPE": "property",
		"NAME": "module.parent",
		"LINK": "modules.html#modules_module_parent"
	}, {
		"TYPE": "property",
		"NAME": "server.connections",
		"LINK": "net.html#net_server_connections"
	}, {
		"TYPE": "property",
		"NAME": "server.maxConnections",
		"LINK": "net.html#net_server_maxconnections"
	}, {
		"TYPE": "property",
		"NAME": "socket.bufferSize",
		"LINK": "net.html#net_socket_buffersize"
	}, {
		"TYPE": "property",
		"NAME": "socket.bytesRead",
		"LINK": "net.html#net_socket_bytesread"
	}, {
		"TYPE": "property",
		"NAME": "socket.bytesWritten",
		"LINK": "net.html#net_socket_byteswritten"
	}, {
		"TYPE": "property",
		"NAME": "socket.localAddress",
		"LINK": "net.html#net_socket_localaddress"
	}, {
		"TYPE": "property",
		"NAME": "socket.localPort",
		"LINK": "net.html#net_socket_localport"
	}, {
		"TYPE": "property",
		"NAME": "socket.remoteAddress",
		"LINK": "net.html#net_socket_remoteaddress"
	}, {
		"TYPE": "property",
		"NAME": "socket.remoteFamily",
		"LINK": "net.html#net_socket_remotefamily"
	}, {
		"TYPE": "property",
		"NAME": "socket.remotePort",
		"LINK": "net.html#net_socket_remoteport"
	}, {
		"TYPE": "property",
		"NAME": "os.EOL",
		"LINK": "os.html#os_os_eol"
	}, {
		"TYPE": "property",
		"NAME": "path.delimiter",
		"LINK": "path.html#path_path_delimiter"
	}, {
		"TYPE": "property",
		"NAME": "path.posix",
		"LINK": "path.html#path_path_posix"
	}, {
		"TYPE": "property",
		"NAME": "path.sep",
		"LINK": "path.html#path_path_sep"
	}, {
		"TYPE": "property",
		"NAME": "path.win32",
		"LINK": "path.html#path_path_win32"
	}, {
		"TYPE": "property",
		"NAME": "process.arch",
		"LINK": "process.html#process_process_arch"
	}, {
		"TYPE": "property",
		"NAME": "process.argv",
		"LINK": "process.html#process_process_argv"
	}, {
		"TYPE": "property",
		"NAME": "process.config",
		"LINK": "process.html#process_process_config"
	}, {
		"TYPE": "property",
		"NAME": "process.connected",
		"LINK": "process.html#process_process_connected"
	}, {
		"TYPE": "property",
		"NAME": "process.env",
		"LINK": "process.html#process_process_env"
	}, {
		"TYPE": "property",
		"NAME": "process.execArgv",
		"LINK": "process.html#process_process_execargv"
	}, {
		"TYPE": "property",
		"NAME": "process.execPath",
		"LINK": "process.html#process_process_execpath"
	}, {
		"TYPE": "property",
		"NAME": "process.exitCode",
		"LINK": "process.html#process_process_exitcode"
	}, {
		"TYPE": "property",
		"NAME": "process.mainModule",
		"LINK": "process.html#process_process_mainmodule"
	}, {
		"TYPE": "property",
		"NAME": "process.pid",
		"LINK": "process.html#process_process_pid"
	}, {
		"TYPE": "property",
		"NAME": "process.platform",
		"LINK": "process.html#process_process_platform"
	}, {
		"TYPE": "property",
		"NAME": "process.release",
		"LINK": "process.html#process_process_release"
	}, {
		"TYPE": "property",
		"NAME": "process.stderr",
		"LINK": "process.html#process_process_stderr"
	}, {
		"TYPE": "property",
		"NAME": "process.stdin",
		"LINK": "process.html#process_process_stdin"
	}, {
		"TYPE": "property",
		"NAME": "process.stdout",
		"LINK": "process.html#process_process_stdout"
	}, {
		"TYPE": "property",
		"NAME": "process.title",
		"LINK": "process.html#process_process_title"
	}, {
		"TYPE": "property",
		"NAME": "process.version",
		"LINK": "process.html#process_process_version"
	}, {
		"TYPE": "property",
		"NAME": "process.versions",
		"LINK": "process.html#process_process_versions"
	}, {
		"TYPE": "property",
		"NAME": "punycode.ucs2",
		"LINK": "punycode.html#punycode_punycode_ucs2"
	}, {
		"TYPE": "property",
		"NAME": "punycode.version",
		"LINK": "punycode.html#punycode_punycode_version"
	}, {
		"TYPE": "property",
		"NAME": "querystring.escape",
		"LINK": "querystring.html#querystring_querystring_escape"
	}, {
		"TYPE": "property",
		"NAME": "querystring.unescape",
		"LINK": "querystring.html#querystring_querystring_unescape"
	}, {
		"TYPE": "property",
		"NAME": "cryptoStream.bytesWritten",
		"LINK": "tls.html#tls_cryptostream_byteswritten"
	}, {
		"TYPE": "property",
		"NAME": "server.connections",
		"LINK": "tls.html#tls_server_connections"
	}, {
		"TYPE": "property",
		"NAME": "server.maxConnections",
		"LINK": "tls.html#tls_server_maxconnections"
	}, {
		"TYPE": "property",
		"NAME": "tlsSocket.authorized",
		"LINK": "tls.html#tls_tlssocket_authorized"
	}, {
		"TYPE": "property",
		"NAME": "tlsSocket.authorizationError",
		"LINK": "tls.html#tls_tlssocket_authorizationerror"
	}, {
		"TYPE": "property",
		"NAME": "tlsSocket.encrypted",
		"LINK": "tls.html#tls_tlssocket_encrypted"
	}, {
		"TYPE": "property",
		"NAME": "tlsSocket.localAddress",
		"LINK": "tls.html#tls_tlssocket_localaddress"
	}, {
		"TYPE": "property",
		"NAME": "tlsSocket.localPort",
		"LINK": "tls.html#tls_tlssocket_localport"
	}, {
		"TYPE": "property",
		"NAME": "tlsSocket.remoteAddress",
		"LINK": "tls.html#tls_tlssocket_remoteaddress"
	}, {
		"TYPE": "property",
		"NAME": "tlsSocket.remoteFamily",
		"LINK": "tls.html#tls_tlssocket_remotefamily"
	}, {
		"TYPE": "property",
		"NAME": "tlsSocket.remotePort",
		"LINK": "tls.html#tls_tlssocket_remoteport"
	}, {
		"TYPE": "property",
		"NAME": "rs.isRaw",
		"LINK": "tty.html#tty_rs_israw"
	}, {
		"TYPE": "property",
		"NAME": "ws.columns",
		"LINK": "tty.html#tty_ws_columns"
	}, {
		"TYPE": "property",
		"NAME": "ws.rows",
		"LINK": "tty.html#tty_ws_rows"
	}],
	"sections": ["chapter", "class", "event", "method", "module", "property"]
}
